<?xml version="1.0"?>
<doc>
    <assembly>
        <name>LiteNetLib</name>
    </assembly>
    <members>
        <member name="T:LiteNetLib.UnconnectedMessageType">
            <summary>
            Type of message that you receive in OnNetworkReceiveUnconnected event
            </summary>
        </member>
        <member name="T:LiteNetLib.DisconnectReason">
            <summary>
            Disconnect reason that you receive in OnPeerDisconnected event
            </summary>
        </member>
        <member name="T:LiteNetLib.DisconnectInfo">
            <summary>
            Additional information about disconnection
            </summary>
        </member>
        <member name="F:LiteNetLib.DisconnectInfo.Reason">
            <summary>
            Additional info why peer disconnected
            </summary>
        </member>
        <member name="F:LiteNetLib.DisconnectInfo.SocketErrorCode">
            <summary>
            Error code (if reason is SocketSendError or SocketReceiveError)
            </summary>
        </member>
        <member name="F:LiteNetLib.DisconnectInfo.AdditionalData">
            <summary>
            Additional data that can be accessed (only if reason is RemoteConnectionClose)
            </summary>
        </member>
        <member name="M:LiteNetLib.INetEventListener.OnPeerConnected(LiteNetLib.NetPeer)">
            <summary>
            New remote peer connected to host, or client connected to remote host
            </summary>
            <param name="peer">Connected peer object</param>
        </member>
        <member name="M:LiteNetLib.INetEventListener.OnPeerDisconnected(LiteNetLib.NetPeer,LiteNetLib.DisconnectInfo)">
            <summary>
            Peer disconnected
            </summary>
            <param name="peer">disconnected peer</param>
            <param name="disconnectInfo">additional info about reason, errorCode or data received with disconnect message</param>
        </member>
        <member name="M:LiteNetLib.INetEventListener.OnNetworkError(LiteNetLib.NetEndPoint,System.Int32)">
            <summary>
            Network error (on send or receive)
            </summary>
            <param name="endPoint">From endPoint (can be null)</param>
            <param name="socketErrorCode">Socket error code</param>
        </member>
        <member name="M:LiteNetLib.INetEventListener.OnNetworkReceive(LiteNetLib.NetPeer,LiteNetLib.Utils.NetDataReader)">
            <summary>
            Received some data
            </summary>
            <param name="peer">From peer</param>
            <param name="reader">DataReader containing all received data</param>
        </member>
        <member name="M:LiteNetLib.INetEventListener.OnNetworkReceiveUnconnected(LiteNetLib.NetEndPoint,LiteNetLib.Utils.NetDataReader,LiteNetLib.UnconnectedMessageType)">
            <summary>
            Received unconnected message
            </summary>
            <param name="remoteEndPoint">From address (IP and Port)</param>
            <param name="reader">Message data</param>
            <param name="messageType">Message type (simple, discovery request or responce)</param>
        </member>
        <member name="M:LiteNetLib.INetEventListener.OnNetworkLatencyUpdate(LiteNetLib.NetPeer,System.Int32)">
            <summary>
            Latency information updated
            </summary>
            <param name="peer">Peer with updated latency</param>
            <param name="latency">latency value in milliseconds</param>
        </member>
        <member name="T:LiteNetLib.INetLogger">
            <summary>
            Interface to implement for your own logger
            </summary>
        </member>
        <member name="T:LiteNetLib.NetDebug">
            <summary>
            Static class for defining your own LiteNetLib logger instead of Console.WriteLine
            or Debug.Log if compiled with UNITY flag
            </summary>
        </member>
        <member name="M:LiteNetLib.Utils.NetDataReader.Clone">
            <summary>
            Clone NetDataReader without data copy (usable for OnReceive)
            </summary>
            <returns>new NetDataReader instance</returns>
        </member>
        <member name="M:LiteNetLib.Utils.NetSerializer.RegisterCustomType``1">
            <summary>
            Register custom property type
            </summary>
            <typeparam name="T">INetSerializable structure</typeparam>
            <returns>True - if register successful, false - if type already registered</returns>
        </member>
        <member name="M:LiteNetLib.Utils.NetSerializer.RegisterCustomType``1(System.Func{``0})">
            <summary>
            Register custom property type
            </summary>
            <typeparam name="T">INetSerializable class</typeparam>
            <returns>True - if register successful, false - if type already registered</returns>
        </member>
        <member name="M:LiteNetLib.Utils.NetSerializer.RegisterCustomType``1(System.Action{LiteNetLib.Utils.NetDataWriter,``0},System.Func{LiteNetLib.Utils.NetDataReader,``0})">
            <summary>
            Register custom property type
            </summary>
            <param name="writeDelegate"></param>
            <param name="readDelegate"></param>
            <returns>True - if register successful, false - if type already registered</returns>
        </member>
        <member name="M:LiteNetLib.Utils.NetSerializer.ReadAllPackets(LiteNetLib.Utils.NetDataReader)">
            <summary>
            Reads all available data from NetDataReader and calls OnReceive delegates
            </summary>
            <param name="reader">NetDataReader with packets data</param>
        </member>
        <member name="M:LiteNetLib.Utils.NetSerializer.ReadAllPackets``1(LiteNetLib.Utils.NetDataReader,``0)">
            <summary>
            Reads all available data from NetDataReader and calls OnReceive delegates
            </summary>
            <param name="reader">NetDataReader with packets data</param>
            <param name="userData">Argument that passed to OnReceivedEvent</param>
        </member>
        <member name="M:LiteNetLib.Utils.NetSerializer.ReadPacket(LiteNetLib.Utils.NetDataReader)">
            <summary>
            Reads one packet from NetDataReader and calls OnReceive delegate
            </summary>
            <param name="reader">NetDataReader with packet</param>
        </member>
        <member name="M:LiteNetLib.Utils.NetSerializer.ReadKnownPacket``1(LiteNetLib.Utils.NetDataReader)">
            <summary>
            Reads packet with known type
            </summary>
            <param name="reader">NetDataReader with packet</param>
            <returns>Returns packet if packet in reader is matched type</returns>
        </member>
        <member name="M:LiteNetLib.Utils.NetSerializer.ReadKnownPacket``1(LiteNetLib.Utils.NetDataReader,``0)">
            <summary>
            Reads packet with known type (non alloc variant)
            </summary>
            <param name="reader">NetDataReader with packet</param>
            <param name="target">Deserialization target</param>
            <returns>Returns true if packet in reader is matched type</returns>
        </member>
        <member name="M:LiteNetLib.Utils.NetSerializer.ReadPacket(LiteNetLib.Utils.NetDataReader,System.Object)">
            <summary>
            Reads one packet from NetDataReader and calls OnReceive delegate
            </summary>
            <param name="reader">NetDataReader with packet</param>
            <param name="userData">Argument that passed to OnReceivedEvent</param>
        </member>
        <member name="M:LiteNetLib.Utils.NetSerializer.Subscribe``1(System.Action{``0},System.Func{``0})">
            <summary>
            Register and subscribe to packet receive event
            </summary>
            <param name="onReceive">event that will be called when packet deserialized with ReadPacket method</param>
            <param name="packetConstructor">Method that constructs packet intead of slow Activator.CreateInstance</param>
        </member>
        <member name="M:LiteNetLib.Utils.NetSerializer.Register``1(System.Func{``0})">
            <summary>
            Register packet type for direct reading (ReadKnownPacket)
            </summary>
            <param name="packetConstructor">Method that constructs packet intead of slow Activator.CreateInstance</param>
        </member>
        <member name="M:LiteNetLib.Utils.NetSerializer.Subscribe``2(System.Action{``0,``1},System.Func{``0})">
            <summary>
            Register and subscribe to packet receive event (with userData)
            </summary>
            <param name="onReceive">event that will be called when packet deserialized with ReadPacket method</param>
            <param name="packetConstructor">Method that constructs packet intead of slow Activator.CreateInstance</param>
        </member>
        <member name="M:LiteNetLib.Utils.NetSerializer.SubscribeReusable``1(System.Action{``0})">
            <summary>
            Register and subscribe to packet receive event
            This metod will overwrite last received packet class on receive (less garbage)
            </summary>
            <param name="onReceive">event that will be called when packet deserialized with ReadPacket method</param>
        </member>
        <member name="M:LiteNetLib.Utils.NetSerializer.SubscribeReusable``2(System.Action{``0,``1})">
            <summary>
            Register and subscribe to packet receive event
            This metod will overwrite last received packet class on receive (less garbage)
            </summary>
            <param name="onReceive">event that will be called when packet deserialized with ReadPacket method</param>
        </member>
        <member name="M:LiteNetLib.Utils.NetSerializer.Serialize``1(LiteNetLib.Utils.NetDataWriter,``0)">
            <summary>
            Serialize struct to NetDataWriter (fast)
            </summary>
            <param name="writer">Serialization target NetDataWriter</param>
            <param name="obj">Struct to serialize</param>
        </member>
        <member name="M:LiteNetLib.Utils.NetSerializer.Serialize``1(``0)">
            <summary>
            Serialize struct to byte array
            </summary>
            <param name="obj">Struct to serialize</param>
            <returns>byte array with serialized data</returns>
        </member>
        <member name="T:LiteNetLib.NatPunchModule">
            <summary>
            Module for UDP NAT Hole punching operations. Can be accessed from NetManager
            </summary>
        </member>
        <member name="T:LiteNetLib.SendOptions">
            <summary>
            Sending method type
            </summary>
        </member>
        <member name="F:LiteNetLib.SendOptions.Unreliable">
            <summary>
            Unreliable. Packets can be dropped, duplicated or arrive without order
            </summary>
        </member>
        <member name="F:LiteNetLib.SendOptions.ReliableUnordered">
            <summary>
            Reliable. All packets will be sent and received, but without order
            </summary>
        </member>
        <member name="F:LiteNetLib.SendOptions.Sequenced">
            <summary>
            Unreliable. Packets can be dropped, but never duplicated and arrive in order
            </summary>
        </member>
        <member name="F:LiteNetLib.SendOptions.ReliableOrdered">
            <summary>
            Reliable and ordered. All packets will be sent and received in order
            </summary>
        </member>
        <member name="T:LiteNetLib.NetConstants">
            <summary>
            Network constants. Can be tuned from sources for your purposes.
            </summary>
        </member>
        <member name="T:LiteNetLib.NetEndPoint">
            <summary>
            Network End Point. Contains ip address and port
            </summary>
        </member>
        <member name="T:LiteNetLib.NetManager">
            <summary>
            Main class for all network operations. Can be used as client and/or server.
            </summary>
        </member>
        <member name="F:LiteNetLib.NetManager.ConnectKey">
            <summary>
            Current connection key
            </summary>
        </member>
        <member name="F:LiteNetLib.NetManager.UnconnectedMessagesEnabled">
            <summary>
            Enable messages receiving without connection. (with SendUnconnectedMessage method)
            </summary>
        </member>
        <member name="F:LiteNetLib.NetManager.NatPunchEnabled">
            <summary>
            Enable nat punch messages
            </summary>
        </member>
        <member name="P:LiteNetLib.NetManager.UpdateTime">
            <summary>
            Library logic update and send period in milliseconds
            </summary>
        </member>
        <member name="F:LiteNetLib.NetManager.PingInterval">
            <summary>
            Interval for latency detection and checking connection
            </summary>
        </member>
        <member name="F:LiteNetLib.NetManager.DisconnectTimeout">
            <summary>
            If NetManager doesn't receive any packet from remote peer during this time then connection will be closed
            (including library internal keepalive packets)
            </summary>
        </member>
        <member name="F:LiteNetLib.NetManager.SimulatePacketLoss">
            <summary>
            Simulate packet loss by dropping random amout of packets. (Works only in DEBUG mode)
            </summary>
        </member>
        <member name="F:LiteNetLib.NetManager.SimulateLatency">
            <summary>
            Simulate latency by holding packets for random time. (Works only in DEBUG mode)
            </summary>
        </member>
        <member name="F:LiteNetLib.NetManager.SimulationPacketLossChance">
            <summary>
            Chance of packet loss when simulation enabled. value in percents (1 - 100).
            </summary>
        </member>
        <member name="F:LiteNetLib.NetManager.SimulationMinLatency">
            <summary>
            Minimum simulated latency
            </summary>
        </member>
        <member name="F:LiteNetLib.NetManager.SimulationMaxLatency">
            <summary>
            Maximum simulated latency
            </summary>
        </member>
        <member name="F:LiteNetLib.NetManager.UnsyncedEvents">
            <summary>
            Experimental feature. Events automatically will be called without PollEvents method from another thread
            </summary>
        </member>
        <member name="F:LiteNetLib.NetManager.DiscoveryEnabled">
            <summary>
            Allows receive DiscoveryRequests
            </summary>
        </member>
        <member name="F:LiteNetLib.NetManager.MergeEnabled">
            <summary>
            Merge small packets into one before sending to reduce outgoing packets count. (May increase a bit outgoing data size)
            </summary>
        </member>
        <member name="F:LiteNetLib.NetManager.ReconnectDelay">
            <summary>
            Delay betwen initial connection attempts
            </summary>
        </member>
        <member name="F:LiteNetLib.NetManager.MaxConnectAttempts">
            <summary>
            Maximum connection attempts before client stops and call disconnect event.
            </summary>
        </member>
        <member name="F:LiteNetLib.NetManager.ReuseAddress">
            <summary>
            Enables socket option "ReuseAddress" for specific purposes
            </summary>
        </member>
        <member name="F:LiteNetLib.NetManager.Statistics">
            <summary>
            Statistics of all connections
            </summary>
        </member>
        <member name="F:LiteNetLib.NetManager.NatPunchModule">
            <summary>
            NatPunchModule for NAT hole punching operations
            </summary>
        </member>
        <member name="P:LiteNetLib.NetManager.IsRunning">
            <summary>
            Returns true if socket listening and update thread is running
            </summary>
        </member>
        <member name="P:LiteNetLib.NetManager.LocalPort">
            <summary>
            Local EndPoint (host and port)
            </summary>
        </member>
        <member name="P:LiteNetLib.NetManager.PeersCount">
            <summary>
            Connected peers count
            </summary>
        </member>
        <member name="M:LiteNetLib.NetManager.#ctor(LiteNetLib.INetEventListener,System.String)">
            <summary>
            NetManager constructor with maxConnections = 1 (usable for client)
            </summary>
            <param name="listener">Network events listener</param>
            <param name="connectKey">Application key (must be same with remote host for establish connection)</param>
        </member>
        <member name="M:LiteNetLib.NetManager.#ctor(LiteNetLib.INetEventListener,System.Int32,System.String)">
            <summary>
            NetManager constructor
            </summary>
            <param name="listener">Network events listener</param>
            <param name="maxConnections">Maximum connections (incoming and outcoming)</param>
            <param name="connectKey">Application key (must be same with remote host for establish connection)</param>
        </member>
        <member name="M:LiteNetLib.NetManager.SendToAll(LiteNetLib.Utils.NetDataWriter,LiteNetLib.SendOptions)">
            <summary>
            Send data to all connected peers
            </summary>
            <param name="writer">DataWriter with data</param>
            <param name="options">Send options (reliable, unreliable, etc.)</param>
        </member>
        <member name="M:LiteNetLib.NetManager.SendToAll(System.Byte[],LiteNetLib.SendOptions)">
            <summary>
            Send data to all connected peers
            </summary>
            <param name="data">Data</param>
            <param name="options">Send options (reliable, unreliable, etc.)</param>
        </member>
        <member name="M:LiteNetLib.NetManager.SendToAll(System.Byte[],System.Int32,System.Int32,LiteNetLib.SendOptions)">
            <summary>
            Send data to all connected peers
            </summary>
            <param name="data">Data</param>
            <param name="start">Start of data</param>
            <param name="length">Length of data</param>
            <param name="options">Send options (reliable, unreliable, etc.)</param>
        </member>
        <member name="M:LiteNetLib.NetManager.SendToAll(LiteNetLib.Utils.NetDataWriter,LiteNetLib.SendOptions,LiteNetLib.NetPeer)">
            <summary>
            Send data to all connected peers
            </summary>
            <param name="writer">DataWriter with data</param>
            <param name="options">Send options (reliable, unreliable, etc.)</param>
            <param name="excludePeer">Excluded peer</param>
        </member>
        <member name="M:LiteNetLib.NetManager.SendToAll(System.Byte[],LiteNetLib.SendOptions,LiteNetLib.NetPeer)">
            <summary>
            Send data to all connected peers
            </summary>
            <param name="data">Data</param>
            <param name="options">Send options (reliable, unreliable, etc.)</param>
            <param name="excludePeer">Excluded peer</param>
        </member>
        <member name="M:LiteNetLib.NetManager.SendToAll(System.Byte[],System.Int32,System.Int32,LiteNetLib.SendOptions,LiteNetLib.NetPeer)">
            <summary>
            Send data to all connected peers
            </summary>
            <param name="data">Data</param>
            <param name="start">Start of data</param>
            <param name="length">Length of data</param>
            <param name="options">Send options (reliable, unreliable, etc.)</param>
            <param name="excludePeer">Excluded peer</param>
        </member>
        <member name="M:LiteNetLib.NetManager.Start">
            <summary>
            Start logic thread and listening on available port
            </summary>
        </member>
        <member name="M:LiteNetLib.NetManager.Start(System.Int32)">
            <summary>
            Start logic thread and listening on selected port
            </summary>
            <param name="port">port to listen</param>
        </member>
        <member name="M:LiteNetLib.NetManager.SendUnconnectedMessage(System.Byte[],LiteNetLib.NetEndPoint)">
            <summary>
            Send message without connection
            </summary>
            <param name="message">Raw data</param>
            <param name="remoteEndPoint">Packet destination</param>
            <returns>Operation result</returns>
        </member>
        <member name="M:LiteNetLib.NetManager.SendUnconnectedMessage(LiteNetLib.Utils.NetDataWriter,LiteNetLib.NetEndPoint)">
            <summary>
            Send message without connection
            </summary>
            <param name="writer">Data serializer</param>
            <param name="remoteEndPoint">Packet destination</param>
            <returns>Operation result</returns>
        </member>
        <member name="M:LiteNetLib.NetManager.SendUnconnectedMessage(System.Byte[],System.Int32,System.Int32,LiteNetLib.NetEndPoint)">
            <summary>
            Send message without connection
            </summary>
            <param name="message">Raw data</param>
            <param name="start">data start</param>
            <param name="length">data length</param>
            <param name="remoteEndPoint">Packet destination</param>
            <returns>Operation result</returns>
        </member>
        <member name="M:LiteNetLib.NetManager.Flush">
            <summary>
            Flush all queued packets of all peers
            </summary>
        </member>
        <member name="M:LiteNetLib.NetManager.PollEvents">
            <summary>
            Receive all pending events. Call this in game update code
            </summary>
        </member>
        <member name="M:LiteNetLib.NetManager.Connect(System.String,System.Int32)">
            <summary>
            Connect to remote host
            </summary>
            <param name="address">Server IP or hostname</param>
            <param name="port">Server Port</param>
        </member>
        <member name="M:LiteNetLib.NetManager.Connect(LiteNetLib.NetEndPoint)">
            <summary>
            Connect to remote host
            </summary>
            <param name="target">Server end point (ip and port)</param>
            <returns>peer awatinig connection or already connected peer</returns>
        </member>
        <member name="M:LiteNetLib.NetManager.Stop">
            <summary>
            Force closes connection and stop all threads.
            </summary>
        </member>
        <member name="M:LiteNetLib.NetManager.GetFirstPeer">
            <summary>
            Get first peer. Usefull for Client mode
            </summary>
            <returns></returns>
        </member>
        <member name="M:LiteNetLib.NetManager.GetPeers">
            <summary>
            Get copy of current connected peers
            </summary>
            <returns>Array with connected peers</returns>
        </member>
        <member name="M:LiteNetLib.NetManager.GetPeersNonAlloc(System.Collections.Generic.List{LiteNetLib.NetPeer})">
            <summary>
            Get copy of current connected peers (without allocations)
            </summary>
            <param name="peers">List that will contain result</param>
        </member>
        <member name="M:LiteNetLib.NetManager.DisconnectPeer(LiteNetLib.NetPeer)">
            <summary>
            Disconnect peer from server
            </summary>
            <param name="peer">peer to disconnect</param>
        </member>
        <member name="M:LiteNetLib.NetManager.DisconnectPeer(LiteNetLib.NetPeer,System.Byte[])">
            <summary>
            Disconnect peer from server and send additional data (Size must be less or equal MTU - 8)
            </summary>
            <param name="peer">peer to disconnect</param>
            <param name="data">additional data</param>
        </member>
        <member name="M:LiteNetLib.NetManager.DisconnectPeer(LiteNetLib.NetPeer,LiteNetLib.Utils.NetDataWriter)">
            <summary>
            Disconnect peer from server and send additional data (Size must be less or equal MTU - 8)
            </summary>
            <param name="peer">peer to disconnect</param>
            <param name="writer">additional data</param>
        </member>
        <member name="M:LiteNetLib.NetManager.DisconnectPeer(LiteNetLib.NetPeer,System.Byte[],System.Int32,System.Int32)">
            <summary>
            Disconnect peer from server and send additional data (Size must be less or equal MTU - 8)
            </summary>
            <param name="peer">peer to disconnect</param>
            <param name="data">additional data</param>
            <param name="start">data start</param>
            <param name="count">data length</param>
        </member>
        <member name="T:LiteNetLib.ConnectionState">
            <summary>
            Peer connection state
            </summary>
        </member>
        <member name="T:LiteNetLib.NetPeer">
            <summary>
            Network peer. Main purpose is sending messages to specific peer.
            </summary>
        </member>
        <member name="P:LiteNetLib.NetPeer.ConnectionState">
            <summary>
            Current connection state
            </summary>
        </member>
        <member name="P:LiteNetLib.NetPeer.ConnectId">
            <summary>
            Connection id for internal purposes, but can be used as key in your dictionary of peers
            </summary>
        </member>
        <member name="P:LiteNetLib.NetPeer.EndPoint">
            <summary>
            Peer ip address and port
            </summary>
        </member>
        <member name="P:LiteNetLib.NetPeer.Ping">
            <summary>
            Current ping in milliseconds
            </summary>
        </member>
        <member name="P:LiteNetLib.NetPeer.Mtu">
            <summary>
            Current MTU - Maximum Transfer Unit ( maximum udp packet size without fragmentation )
            </summary>
        </member>
        <member name="P:LiteNetLib.NetPeer.TimeSinceLastPacket">
            <summary>
            Time since last packet received (including internal library packets)
            </summary>
        </member>
        <member name="P:LiteNetLib.NetPeer.NetManager">
            <summary>
            Peer parent NetManager
            </summary>
        </member>
        <member name="F:LiteNetLib.NetPeer.Tag">
            <summary>
            Application defined object containing data about the connection
            </summary>
        </member>
        <member name="F:LiteNetLib.NetPeer.Statistics">
            <summary>
            Statistics of peer connection
            </summary>
        </member>
        <member name="M:LiteNetLib.NetPeer.GetMaxSinglePacketSize(LiteNetLib.SendOptions)">
            <summary>
            Gets maximum size of packet that will be not fragmented.
            </summary>
            <param name="options">Type of packet that you want send</param>
            <returns>size in bytes</returns>
        </member>
        <member name="M:LiteNetLib.NetPeer.Send(System.Byte[],LiteNetLib.SendOptions)">
            <summary>
            Send data to peer
            </summary>
            <param name="data">Data</param>
            <param name="options">Send options (reliable, unreliable, etc.)</param>
        </member>
        <member name="M:LiteNetLib.NetPeer.Send(LiteNetLib.Utils.NetDataWriter,LiteNetLib.SendOptions)">
            <summary>
            Send data to peer
            </summary>
            <param name="dataWriter">DataWriter with data</param>
            <param name="options">Send options (reliable, unreliable, etc.)</param>
        </member>
        <member name="M:LiteNetLib.NetPeer.Send(System.Byte[],System.Int32,System.Int32,LiteNetLib.SendOptions)">
            <summary>
            Send data to peer
            </summary>
            <param name="data">Data</param>
            <param name="start">Start of data</param>
            <param name="length">Length of data</param>
            <param name="options">Send options (reliable, unreliable, etc.)</param>
        </member>
        <member name="M:LiteNetLib.NetPeer.Flush">
            <summary>
            Flush all queued packets
            </summary>
        </member>
        <member name="T:LiteNetLib.LocalAddrType">
            <summary>
            Address type that you want to receive from NetUtils.GetLocalIp method
            </summary>
        </member>
        <member name="T:LiteNetLib.NetUtils">
            <summary>
            Some specific network utilities
            </summary>
        </member>
        <member name="M:LiteNetLib.NetUtils.RequestTimeFromNTP(System.String,System.Int32,System.Action{System.Nullable{System.DateTime}})">
            <summary>
            Request time from NTP server and calls callback (if success)
            </summary>
            <param name="ntpServerAddress">NTP Server address</param>
            <param name="port">port</param>
            <param name="onRequestComplete">callback (called from other thread!)</param>
        </member>
        <member name="M:LiteNetLib.NetUtils.GetLocalIpList(LiteNetLib.LocalAddrType)">
            <summary>
            Get all local ip addresses
            </summary>
            <param name="addrType">type of address (IPv4, IPv6 or both)</param>
            <returns>List with all local ip adresses</returns>
        </member>
        <member name="M:LiteNetLib.NetUtils.GetLocalIpList(System.Collections.Generic.List{System.String},LiteNetLib.LocalAddrType)">
            <summary>
            Get all local ip addresses (non alloc version)
            </summary>
            <param name="targetList">result list</param>
            <param name="addrType">type of address (IPv4, IPv6 or both)</param>
        </member>
        <member name="M:LiteNetLib.NetUtils.GetLocalIp(LiteNetLib.LocalAddrType)">
            <summary>
            Get first detected local ip address
            </summary>
            <param name="addrType">type of address (IPv4, IPv6 or both)</param>
            <returns>IP address if available. Else - string.Empty</returns>
        </member>
    </members>
</doc>
